"ID","Description","setSize","enrichmentScore","NES","pvalue","p.adjust","qvalue","rank","leading_edge","core_enrichment","Database","Contrast"
"WP_CYTOPLASMIC_RIBOSOMAL_PROTEINS","WP_CYTOPLASMIC_RIBOSOMAL_PROTEINS",88,0.579635471400962,2.22865377748203,2.58883595931924e-08,1.897616758181e-05,1.86941207167684e-05,7384,"tags=73%, list=30%, signal=51%","6156/6206/6160/6232/6164/6222/9349/6168/6138/6167/6207/6146/6130/6135/6231/6191/7311/6171/9045/6147/6204/6208/6169/6205/6202/6125/6189/3921/6194/6155/6217/6165/6128/6170/6173/6139/6224/6154/6229/6152/6233/6133/6161/6218/6143/6228/6134/6210/6129/6230/6158/6193/6175/11224/6124/6136/25873/6223/4736/6157/6235/23521/6201/6188","WikiPathways","Apalu_vs_Control_noDHT"
"WP_PROSTAGLANDIN_SYNTHESIS_AND_REGULATION","WP_PROSTAGLANDIN_SYNTHESIS_AND_REGULATION",36,0.630488506252893,2.06251273150848,2.87260955651363e-05,0.0105281140246225,0.0103716323987808,4385,"tags=42%, list=18%, signal=34%","302/301/308/3248/10257/653145/9536/5733/8644/309/5468/6915/1906/10891/1646","WikiPathways","Apalu_vs_Control_noDHT"
